"0","7f071235805fbf58a2524f77bff76e1391d0d1cfe2f4c190d73054495e05b460","a.png","0","0","[B@5cad8086"
"1","7f071235805fbf58a2524f77bff76e1391d0d1cfe2f4c190d73054495e05b460","a.png","0","0","[B@6e0be858"
"2","7f071235805fbf58a2524f77bff76e1391d0d1cfe2f4c190d73054495e05b460","a.png","0","0","[B@61bbe9ba"
"3","7f071235805fbf58a2524f77bff76e1391d0d1cfe2f4c190d73054495e05b460","a.png","0","0","[B@610455d6"
"4","7f071235805fbf58a2524f77bff76e1391d0d1cfe2f4c190d73054495e05b460","a.png","0","0","[B@511d50c0"
"5","7f071235805fbf58a2524f77bff76e1391d0d1cfe2f4c190d73054495e05b460","a.png","0","0","[B@60e53b93"
"6","7f071235805fbf58a2524f77bff76e1391d0d1cfe2f4c190d73054495e05b460","a.png","0","0","[B@5e2de80c"
"7","7f071235805fbf58a2524f77bff76e1391d0d1cfe2f4c190d73054495e05b460","a.png","0","0","[B@1d44bcfa"
"8","7f071235805fbf58a2524f77bff76e1391d0d1cfe2f4c190d73054495e05b460","a.png","0","0","[B@266474c2"
"9","7f071235805fbf58a2524f77bff76e1391d0d1cfe2f4c190d73054495e05b460","a.png","0","0","[B@6f94fa3e"
"10","7f071235805fbf58a2524f77bff76e1391d0d1cfe2f4c190d73054495e05b460","a.png","0","0","[B@5e481248"
"11","7f071235805fbf58a2524f77bff76e1391d0d1cfe2f4c190d73054495e05b460","a.png","0","0","[B@66d3c617"
"12","7f071235805fbf58a2524f77bff76e1391d0d1cfe2f4c190d73054495e05b460","a.png","0","0","[B@63947c6b"
"13","7f071235805fbf58a2524f77bff76e1391d0d1cfe2f4c190d73054495e05b460","a.png","0","0","[B@2b193f2d"
"14","7f071235805fbf58a2524f77bff76e1391d0d1cfe2f4c190d73054495e05b460","a.png","0","0","[B@355da254"
"15","7f071235805fbf58a2524f77bff76e1391d0d1cfe2f4c190d73054495e05b460","a.png","0","0","[B@4dc63996"
"16","7f071235805fbf58a2524f77bff76e1391d0d1cfe2f4c190d73054495e05b460","a.png","0","0","[B@d716361"
"17","7f071235805fbf58a2524f77bff76e1391d0d1cfe2f4c190d73054495e05b460","a.png","0","0","[B@6ff3c5b5"
"18","7f071235805fbf58a2524f77bff76e1391d0d1cfe2f4c190d73054495e05b460","a.png","0","0","[B@3764951d"
"19","7f071235805fbf58a2524f77bff76e1391d0d1cfe2f4c190d73054495e05b460","a.png","0","0","[B@4b1210ee"
"20","7f071235805fbf58a2524f77bff76e1391d0d1cfe2f4c190d73054495e05b460","a.png","0","0","[B@4d7e1886"
"21","7f071235805fbf58a2524f77bff76e1391d0d1cfe2f4c190d73054495e05b460","a.png","0","0","[B@3cd1a2f1"
"22","7f071235805fbf58a2524f77bff76e1391d0d1cfe2f4c190d73054495e05b460","a.png","0","0","[B@2f0e140b"
"23","7f071235805fbf58a2524f77bff76e1391d0d1cfe2f4c190d73054495e05b460","a.png","0","0","[B@7440e464"
"24","7f071235805fbf58a2524f77bff76e1391d0d1cfe2f4c190d73054495e05b460","a.png","0","0","[B@49476842"
"25","7f071235805fbf58a2524f77bff76e1391d0d1cfe2f4c190d73054495e05b460","a.png","0","0","[B@78308db1"
"26","7f071235805fbf58a2524f77bff76e1391d0d1cfe2f4c190d73054495e05b460","a.png","0","0","[B@27c170f0"
"27","7f071235805fbf58a2524f77bff76e1391d0d1cfe2f4c190d73054495e05b460","a.png","0","0","[B@5451c3a8"
"28","7f071235805fbf58a2524f77bff76e1391d0d1cfe2f4c190d73054495e05b460","a.png","0","0","[B@2626b418"
"29","7f071235805fbf58a2524f77bff76e1391d0d1cfe2f4c190d73054495e05b460","a.png","0","0","[B@5a07e868"
"30","7f071235805fbf58a2524f77bff76e1391d0d1cfe2f4c190d73054495e05b460","a.png","0","0","[B@76ed5528"
"31","7f071235805fbf58a2524f77bff76e1391d0d1cfe2f4c190d73054495e05b460","a.png","0","0","[B@2c7b84de"
"32","7f071235805fbf58a2524f77bff76e1391d0d1cfe2f4c190d73054495e05b460","a.png","0","0","[B@3fee733d"
"33","7f071235805fbf58a2524f77bff76e1391d0d1cfe2f4c190d73054495e05b460","a.png","0","0","[B@5acf9800"
"34","7f071235805fbf58a2524f77bff76e1391d0d1cfe2f4c190d73054495e05b460","a.png","0","0","[B@4617c264"
"35","7f071235805fbf58a2524f77bff76e1391d0d1cfe2f4c190d73054495e05b460","a.png","0","0","[B@36baf30c"
"36","7f071235805fbf58a2524f77bff76e1391d0d1cfe2f4c190d73054495e05b460","a.png","0","0","[B@7a81197d"
"37","7f071235805fbf58a2524f77bff76e1391d0d1cfe2f4c190d73054495e05b460","a.png","0","0","[B@5ca881b5"
"38","7f071235805fbf58a2524f77bff76e1391d0d1cfe2f4c190d73054495e05b460","a.png","0","0","[B@24d46ca6"
"39","7f071235805fbf58a2524f77bff76e1391d0d1cfe2f4c190d73054495e05b460","a.png","0","0","[B@4517d9a3"
"40","7f071235805fbf58a2524f77bff76e1391d0d1cfe2f4c190d73054495e05b460","a.png","0","0","[B@372f7a8d"
"41","7f071235805fbf58a2524f77bff76e1391d0d1cfe2f4c190d73054495e05b460","a.png","0","0","[B@2f92e0f4"
"42","7f071235805fbf58a2524f77bff76e1391d0d1cfe2f4c190d73054495e05b460","a.png","0","0","[B@28a418fc"
"43","7f071235805fbf58a2524f77bff76e1391d0d1cfe2f4c190d73054495e05b460","a.png","0","0","[B@5305068a"
"44","7f071235805fbf58a2524f77bff76e1391d0d1cfe2f4c190d73054495e05b460","a.png","0","0","[B@1f32e575"
"45","7f071235805fbf58a2524f77bff76e1391d0d1cfe2f4c190d73054495e05b460","a.png","0","0","[B@279f2327"
"46","7f071235805fbf58a2524f77bff76e1391d0d1cfe2f4c190d73054495e05b460","a.png","0","0","[B@2ff4acd0"
"47","7f071235805fbf58a2524f77bff76e1391d0d1cfe2f4c190d73054495e05b460","a.png","0","0","[B@54bedef2"
"48","7f071235805fbf58a2524f77bff76e1391d0d1cfe2f4c190d73054495e05b460","a.png","0","0","[B@5caf905d"
"49","7f071235805fbf58a2524f77bff76e1391d0d1cfe2f4c190d73054495e05b460","a.png","0","0","[B@27716f4"
"50","7f071235805fbf58a2524f77bff76e1391d0d1cfe2f4c190d73054495e05b460","a.png","0","0","[B@8efb846"
"51","7f071235805fbf58a2524f77bff76e1391d0d1cfe2f4c190d73054495e05b460","a.png","0","0","[B@2a84aee7"
"52","7f071235805fbf58a2524f77bff76e1391d0d1cfe2f4c190d73054495e05b460","a.png","0","0","[B@a09ee92"
"53","7f071235805fbf58a2524f77bff76e1391d0d1cfe2f4c190d73054495e05b460","a.png","0","0","[B@30f39991"
"54","7f071235805fbf58a2524f77bff76e1391d0d1cfe2f4c190d73054495e05b460","a.png","0","0","[B@452b3a41"
"55","7f071235805fbf58a2524f77bff76e1391d0d1cfe2f4c190d73054495e05b460","a.png","0","0","[B@4a574795"
"56","7f071235805fbf58a2524f77bff76e1391d0d1cfe2f4c190d73054495e05b460","a.png","0","0","[B@f6f4d33"
"57","7f071235805fbf58a2524f77bff76e1391d0d1cfe2f4c190d73054495e05b460","a.png","0","0","[B@23fc625e"
"58","7f071235805fbf58a2524f77bff76e1391d0d1cfe2f4c190d73054495e05b460","a.png","0","0","[B@3f99bd52"
"59","7f071235805fbf58a2524f77bff76e1391d0d1cfe2f4c190d73054495e05b460","a.png","0","0","[B@4f023edb"
"60","7f071235805fbf58a2524f77bff76e1391d0d1cfe2f4c190d73054495e05b460","a.png","0","0","[B@3a71f4dd"
"61","7f071235805fbf58a2524f77bff76e1391d0d1cfe2f4c190d73054495e05b460","a.png","0","0","[B@7adf9f5f"
"62","7f071235805fbf58a2524f77bff76e1391d0d1cfe2f4c190d73054495e05b460","a.png","0","0","[B@85ede7b"
"63","7f071235805fbf58a2524f77bff76e1391d0d1cfe2f4c190d73054495e05b460","a.png","0","0","[B@5674cd4d"
"64","7f071235805fbf58a2524f77bff76e1391d0d1cfe2f4c190d73054495e05b460","a.png","0","0","[B@63961c42"
"65","7f071235805fbf58a2524f77bff76e1391d0d1cfe2f4c190d73054495e05b460","a.png","0","0","[B@65b54208"
"66","7f071235805fbf58a2524f77bff76e1391d0d1cfe2f4c190d73054495e05b460","a.png","0","0","[B@1be6f5c3"
"67","7f071235805fbf58a2524f77bff76e1391d0d1cfe2f4c190d73054495e05b460","a.png","0","0","[B@6b884d57"
"68","7f071235805fbf58a2524f77bff76e1391d0d1cfe2f4c190d73054495e05b460","a.png","0","0","[B@38af3868"
"69","7f071235805fbf58a2524f77bff76e1391d0d1cfe2f4c190d73054495e05b460","a.png","0","0","[B@77459877"
"70","7f071235805fbf58a2524f77bff76e1391d0d1cfe2f4c190d73054495e05b460","a.png","0","0","[B@5b2133b1"
"71","7f071235805fbf58a2524f77bff76e1391d0d1cfe2f4c190d73054495e05b460","a.png","0","0","[B@72ea2f77"
"72","7f071235805fbf58a2524f77bff76e1391d0d1cfe2f4c190d73054495e05b460","a.png","0","0","[B@33c7353a"
"73","7f071235805fbf58a2524f77bff76e1391d0d1cfe2f4c190d73054495e05b460","a.png","0","0","[B@681a9515"
"74","7f071235805fbf58a2524f77bff76e1391d0d1cfe2f4c190d73054495e05b460","a.png","0","0","[B@3af49f1c"
"75","7f071235805fbf58a2524f77bff76e1391d0d1cfe2f4c190d73054495e05b460","a.png","0","0","[B@19469ea2"
"76","7f071235805fbf58a2524f77bff76e1391d0d1cfe2f4c190d73054495e05b460","a.png","0","0","[B@13221655"
"77","7f071235805fbf58a2524f77bff76e1391d0d1cfe2f4c190d73054495e05b460","a.png","0","0","[B@2f2c9b19"
"78","7f071235805fbf58a2524f77bff76e1391d0d1cfe2f4c190d73054495e05b460","a.png","0","0","[B@31befd9f"
"79","7f071235805fbf58a2524f77bff76e1391d0d1cfe2f4c190d73054495e05b460","a.png","0","0","[B@1c20c684"
"80","7f071235805fbf58a2524f77bff76e1391d0d1cfe2f4c190d73054495e05b460","a.png","0","0","[B@1fb3ebeb"
"81","7f071235805fbf58a2524f77bff76e1391d0d1cfe2f4c190d73054495e05b460","a.png","0","0","[B@548c4f57"
"82","7f071235805fbf58a2524f77bff76e1391d0d1cfe2f4c190d73054495e05b460","a.png","0","0","[B@1218025c"
"83","7f071235805fbf58a2524f77bff76e1391d0d1cfe2f4c190d73054495e05b460","a.png","0","0","[B@816f27d"
"84","7f071235805fbf58a2524f77bff76e1391d0d1cfe2f4c190d73054495e05b460","a.png","0","0","[B@87aac27"
"85","7f071235805fbf58a2524f77bff76e1391d0d1cfe2f4c190d73054495e05b460","a.png","0","0","[B@3e3abc88"
"86","7f071235805fbf58a2524f77bff76e1391d0d1cfe2f4c190d73054495e05b460","a.png","0","0","[B@6ce253f1"
"87","7f071235805fbf58a2524f77bff76e1391d0d1cfe2f4c190d73054495e05b460","a.png","0","0","[B@53d8d10a"
"88","7f071235805fbf58a2524f77bff76e1391d0d1cfe2f4c190d73054495e05b460","a.png","0","0","[B@e9e54c2"
"89","7f071235805fbf58a2524f77bff76e1391d0d1cfe2f4c190d73054495e05b460","a.png","0","0","[B@65ab7765"
"90","7f071235805fbf58a2524f77bff76e1391d0d1cfe2f4c190d73054495e05b460","a.png","0","0","[B@1b28cdfa"
"91","7f071235805fbf58a2524f77bff76e1391d0d1cfe2f4c190d73054495e05b460","a.png","0","0","[B@eed1f14"
"92","7f071235805fbf58a2524f77bff76e1391d0d1cfe2f4c190d73054495e05b460","a.png","0","0","[B@7229724f"
"93","7f071235805fbf58a2524f77bff76e1391d0d1cfe2f4c190d73054495e05b460","a.png","0","0","[B@4c873330"
"94","7f071235805fbf58a2524f77bff76e1391d0d1cfe2f4c190d73054495e05b460","a.png","0","0","[B@119d7047"
"95","7f071235805fbf58a2524f77bff76e1391d0d1cfe2f4c190d73054495e05b460","a.png","0","0","[B@776ec8df"
"96","7f071235805fbf58a2524f77bff76e1391d0d1cfe2f4c190d73054495e05b460","a.png","0","0","[B@4eec7777"
"97","7f071235805fbf58a2524f77bff76e1391d0d1cfe2f4c190d73054495e05b460","a.png","0","0","[B@3b07d329"
"98","7f071235805fbf58a2524f77bff76e1391d0d1cfe2f4c190d73054495e05b460","a.png","0","0","[B@41629346"
"99","7f071235805fbf58a2524f77bff76e1391d0d1cfe2f4c190d73054495e05b460","a.png","0","0","[B@404b9385"
"100","7f071235805fbf58a2524f77bff76e1391d0d1cfe2f4c190d73054495e05b460","a.png","0","0","[B@6d311334"
"101","7f071235805fbf58a2524f77bff76e1391d0d1cfe2f4c190d73054495e05b460","a.png","0","0","[B@682a0b20"
"102","7f071235805fbf58a2524f77bff76e1391d0d1cfe2f4c190d73054495e05b460","a.png","0","0","[B@3d075dc0"
"103","7f071235805fbf58a2524f77bff76e1391d0d1cfe2f4c190d73054495e05b460","a.png","0","0","[B@214c265e"
"104","7f071235805fbf58a2524f77bff76e1391d0d1cfe2f4c190d73054495e05b460","a.png","0","0","[B@448139f0"
"105","7f071235805fbf58a2524f77bff76e1391d0d1cfe2f4c190d73054495e05b460","a.png","0","0","[B@7cca494b"
"106","7f071235805fbf58a2524f77bff76e1391d0d1cfe2f4c190d73054495e05b460","a.png","0","0","[B@7ba4f24f"
"107","7f071235805fbf58a2524f77bff76e1391d0d1cfe2f4c190d73054495e05b460","a.png","0","0","[B@3b9a45b3"
"108","7f071235805fbf58a2524f77bff76e1391d0d1cfe2f4c190d73054495e05b460","a.png","0","0","[B@7699a589"
"109","7f071235805fbf58a2524f77bff76e1391d0d1cfe2f4c190d73054495e05b460","a.png","0","0","[B@58372a00"
"110","7f071235805fbf58a2524f77bff76e1391d0d1cfe2f4c190d73054495e05b460","a.png","0","0","[B@4dd8dc3"
"111","7f071235805fbf58a2524f77bff76e1391d0d1cfe2f4c190d73054495e05b460","a.png","0","0","[B@6d03e736"
"112","7f071235805fbf58a2524f77bff76e1391d0d1cfe2f4c190d73054495e05b460","a.png","0","0","[B@568db2f2"
"113","7f071235805fbf58a2524f77bff76e1391d0d1cfe2f4c190d73054495e05b460","a.png","0","0","[B@378bf509"
"114","7f071235805fbf58a2524f77bff76e1391d0d1cfe2f4c190d73054495e05b460","a.png","0","0","[B@5fd0d5ae"
"115","7f071235805fbf58a2524f77bff76e1391d0d1cfe2f4c190d73054495e05b460","a.png","0","0","[B@2d98a335"
"116","7f071235805fbf58a2524f77bff76e1391d0d1cfe2f4c190d73054495e05b460","a.png","0","0","[B@16b98e56"
"117","7f071235805fbf58a2524f77bff76e1391d0d1cfe2f4c190d73054495e05b460","a.png","0","0","[B@7ef20235"
"118","7f071235805fbf58a2524f77bff76e1391d0d1cfe2f4c190d73054495e05b460","a.png","0","0","[B@27d6c5e0"
"119","7f071235805fbf58a2524f77bff76e1391d0d1cfe2f4c190d73054495e05b460","a.png","0","0","[B@4f3f5b24"
"120","7f071235805fbf58a2524f77bff76e1391d0d1cfe2f4c190d73054495e05b460","a.png","0","0","[B@15aeb7ab"
"121","7f071235805fbf58a2524f77bff76e1391d0d1cfe2f4c190d73054495e05b460","a.png","0","0","[B@7b23ec81"
"122","7f071235805fbf58a2524f77bff76e1391d0d1cfe2f4c190d73054495e05b460","a.png","0","0","[B@6acbcfc0"
"123","7f071235805fbf58a2524f77bff76e1391d0d1cfe2f4c190d73054495e05b460","a.png","0","0","[B@5f184fc6"
"124","7f071235805fbf58a2524f77bff76e1391d0d1cfe2f4c190d73054495e05b460","a.png","0","0","[B@3feba861"
"125","7f071235805fbf58a2524f77bff76e1391d0d1cfe2f4c190d73054495e05b460","a.png","0","0","[B@5b480cf9"
"126","7f071235805fbf58a2524f77bff76e1391d0d1cfe2f4c190d73054495e05b460","a.png","0","0","[B@6f496d9f"
"127","7f071235805fbf58a2524f77bff76e1391d0d1cfe2f4c190d73054495e05b460","a.png","0","0","[B@723279cf"
"128","7f071235805fbf58a2524f77bff76e1391d0d1cfe2f4c190d73054495e05b460","a.png","0","0","[B@10f87f48"
"129","7f071235805fbf58a2524f77bff76e1391d0d1cfe2f4c190d73054495e05b460","a.png","0","0","[B@b4c966a"
"130","7f071235805fbf58a2524f77bff76e1391d0d1cfe2f4c190d73054495e05b460","a.png","0","0","[B@2f4d3709"
"131","7f071235805fbf58a2524f77bff76e1391d0d1cfe2f4c190d73054495e05b460","a.png","0","0","[B@4e50df2e"
"132","7f071235805fbf58a2524f77bff76e1391d0d1cfe2f4c190d73054495e05b460","a.png","0","0","[B@1d81eb93"
"133","7f071235805fbf58a2524f77bff76e1391d0d1cfe2f4c190d73054495e05b460","a.png","0","0","[B@7291c18f"
"134","7f071235805fbf58a2524f77bff76e1391d0d1cfe2f4c190d73054495e05b460","a.png","0","0","[B@34a245ab"
"135","7f071235805fbf58a2524f77bff76e1391d0d1cfe2f4c190d73054495e05b460","a.png","0","0","[B@7cc355be"
"136","7f071235805fbf58a2524f77bff76e1391d0d1cfe2f4c190d73054495e05b460","a.png","0","0","[B@6e8cf4c6"
"137","7f071235805fbf58a2524f77bff76e1391d0d1cfe2f4c190d73054495e05b460","a.png","0","0","[B@12edcd21"
"138","7f071235805fbf58a2524f77bff76e1391d0d1cfe2f4c190d73054495e05b460","a.png","0","0","[B@34c45dca"
"139","7f071235805fbf58a2524f77bff76e1391d0d1cfe2f4c190d73054495e05b460","a.png","0","0","[B@52cc8049"
"140","7f071235805fbf58a2524f77bff76e1391d0d1cfe2f4c190d73054495e05b460","a.png","0","0","[B@5b6f7412"
"141","7f071235805fbf58a2524f77bff76e1391d0d1cfe2f4c190d73054495e05b460","a.png","0","0","[B@27973e9b"
"142","7f071235805fbf58a2524f77bff76e1391d0d1cfe2f4c190d73054495e05b460","a.png","0","0","[B@312b1dae"
"143","7f071235805fbf58a2524f77bff76e1391d0d1cfe2f4c190d73054495e05b460","a.png","0","0","[B@7530d0a"
"144","7f071235805fbf58a2524f77bff76e1391d0d1cfe2f4c190d73054495e05b460","a.png","0","0","[B@27bc2616"
"145","7f071235805fbf58a2524f77bff76e1391d0d1cfe2f4c190d73054495e05b460","a.png","0","0","[B@3941a79c"
"146","7f071235805fbf58a2524f77bff76e1391d0d1cfe2f4c190d73054495e05b460","a.png","0","0","[B@506e1b77"
"147","7f071235805fbf58a2524f77bff76e1391d0d1cfe2f4c190d73054495e05b460","a.png","0","0","[B@4fca772d"
"148","7f071235805fbf58a2524f77bff76e1391d0d1cfe2f4c190d73054495e05b460","a.png","0","0","[B@9807454"
"149","7f071235805fbf58a2524f77bff76e1391d0d1cfe2f4c190d73054495e05b460","a.png","0","0","[B@3d494fbf"
"150","7f071235805fbf58a2524f77bff76e1391d0d1cfe2f4c190d73054495e05b460","a.png","0","0","[B@1ddc4ec2"
"151","7f071235805fbf58a2524f77bff76e1391d0d1cfe2f4c190d73054495e05b460","a.png","0","0","[B@133314b"
"152","7f071235805fbf58a2524f77bff76e1391d0d1cfe2f4c190d73054495e05b460","a.png","0","0","[B@b1bc7ed"
"153","7f071235805fbf58a2524f77bff76e1391d0d1cfe2f4c190d73054495e05b460","a.png","0","0","[B@7cd84586"
"154","7f071235805fbf58a2524f77bff76e1391d0d1cfe2f4c190d73054495e05b460","a.png","0","0","[B@30dae81"
"155","7f071235805fbf58a2524f77bff76e1391d0d1cfe2f4c190d73054495e05b460","a.png","0","0","[B@1b2c6ec2"
"156","7f071235805fbf58a2524f77bff76e1391d0d1cfe2f4c190d73054495e05b460","a.png","0","0","[B@4edde6e5"
"157","7f071235805fbf58a2524f77bff76e1391d0d1cfe2f4c190d73054495e05b460","a.png","0","0","[B@70177ecd"
"158","7f071235805fbf58a2524f77bff76e1391d0d1cfe2f4c190d73054495e05b460","a.png","0","0","[B@1e80bfe8"
"159","7f071235805fbf58a2524f77bff76e1391d0d1cfe2f4c190d73054495e05b460","a.png","0","0","[B@66a29884"
"160","7f071235805fbf58a2524f77bff76e1391d0d1cfe2f4c190d73054495e05b460","a.png","0","0","[B@4769b07b"
"161","7f071235805fbf58a2524f77bff76e1391d0d1cfe2f4c190d73054495e05b460","a.png","0","0","[B@cc34f4d"
"162","7f071235805fbf58a2524f77bff76e1391d0d1cfe2f4c190d73054495e05b460","a.png","0","0","[B@17a7cec2"
"163","7f071235805fbf58a2524f77bff76e1391d0d1cfe2f4c190d73054495e05b460","a.png","0","0","[B@65b3120a"
"164","7f071235805fbf58a2524f77bff76e1391d0d1cfe2f4c190d73054495e05b460","a.png","0","0","[B@6f539caf"
"165","7f071235805fbf58a2524f77bff76e1391d0d1cfe2f4c190d73054495e05b460","a.png","0","0","[B@79fc0f2f"
"166","7f071235805fbf58a2524f77bff76e1391d0d1cfe2f4c190d73054495e05b460","a.png","0","0","[B@50040f0c"
"167","7f071235805fbf58a2524f77bff76e1391d0d1cfe2f4c190d73054495e05b460","a.png","0","0","[B@2dda6444"
"168","7f071235805fbf58a2524f77bff76e1391d0d1cfe2f4c190d73054495e05b460","a.png","0","0","[B@5e9f23b4"
"169","7f071235805fbf58a2524f77bff76e1391d0d1cfe2f4c190d73054495e05b460","a.png","0","0","[B@4783da3f"
"170","7f071235805fbf58a2524f77bff76e1391d0d1cfe2f4c190d73054495e05b460","a.png","0","0","[B@378fd1ac"
"171","7f071235805fbf58a2524f77bff76e1391d0d1cfe2f4c190d73054495e05b460","a.png","0","0","[B@49097b5d"
"172","7f071235805fbf58a2524f77bff76e1391d0d1cfe2f4c190d73054495e05b460","a.png","0","0","[B@6e2c634b"
"173","7f071235805fbf58a2524f77bff76e1391d0d1cfe2f4c190d73054495e05b460","a.png","0","0","[B@37a71e93"
"174","7f071235805fbf58a2524f77bff76e1391d0d1cfe2f4c190d73054495e05b460","a.png","0","0","[B@7e6cbb7a"
"175","7f071235805fbf58a2524f77bff76e1391d0d1cfe2f4c190d73054495e05b460","a.png","0","0","[B@7c3df479"
"176","7f071235805fbf58a2524f77bff76e1391d0d1cfe2f4c190d73054495e05b460","a.png","0","0","[B@7106e68e"
"177","7f071235805fbf58a2524f77bff76e1391d0d1cfe2f4c190d73054495e05b460","a.png","0","0","[B@7eda2dbb"
"178","7f071235805fbf58a2524f77bff76e1391d0d1cfe2f4c190d73054495e05b460","a.png","0","0","[B@6576fe71"
"179","7f071235805fbf58a2524f77bff76e1391d0d1cfe2f4c190d73054495e05b460","a.png","0","0","[B@76fb509a"
"180","7f071235805fbf58a2524f77bff76e1391d0d1cfe2f4c190d73054495e05b460","a.png","0","0","[B@300ffa5d"
"181","7f071235805fbf58a2524f77bff76e1391d0d1cfe2f4c190d73054495e05b460","a.png","0","0","[B@1f17ae12"
"182","7f071235805fbf58a2524f77bff76e1391d0d1cfe2f4c190d73054495e05b460","a.png","0","0","[B@4d405ef7"
"183","7f071235805fbf58a2524f77bff76e1391d0d1cfe2f4c190d73054495e05b460","a.png","0","0","[B@6193b845"
"184","7f071235805fbf58a2524f77bff76e1391d0d1cfe2f4c190d73054495e05b460","a.png","0","0","[B@2e817b38"
"185","7f071235805fbf58a2524f77bff76e1391d0d1cfe2f4c190d73054495e05b460","a.png","0","0","[B@c4437c4"
"186","7f071235805fbf58a2524f77bff76e1391d0d1cfe2f4c190d73054495e05b460","a.png","0","0","[B@433c675d"
"187","7f071235805fbf58a2524f77bff76e1391d0d1cfe2f4c190d73054495e05b460","a.png","0","0","[B@3f91beef"
"188","7f071235805fbf58a2524f77bff76e1391d0d1cfe2f4c190d73054495e05b460","a.png","0","0","[B@1a6c5a9e"
"189","7f071235805fbf58a2524f77bff76e1391d0d1cfe2f4c190d73054495e05b460","a.png","0","0","[B@37bba400"
"190","7f071235805fbf58a2524f77bff76e1391d0d1cfe2f4c190d73054495e05b460","a.png","0","0","[B@179d3b25"
"191","7f071235805fbf58a2524f77bff76e1391d0d1cfe2f4c190d73054495e05b460","a.png","0","0","[B@254989ff"
"192","7f071235805fbf58a2524f77bff76e1391d0d1cfe2f4c190d73054495e05b460","a.png","0","0","[B@5d099f62"
"193","7f071235805fbf58a2524f77bff76e1391d0d1cfe2f4c190d73054495e05b460","a.png","0","0","[B@37f8bb67"
"194","7f071235805fbf58a2524f77bff76e1391d0d1cfe2f4c190d73054495e05b460","a.png","0","0","[B@49c2faae"
"195","7f071235805fbf58a2524f77bff76e1391d0d1cfe2f4c190d73054495e05b460","a.png","0","0","[B@20ad9418"
"196","7f071235805fbf58a2524f77bff76e1391d0d1cfe2f4c190d73054495e05b460","a.png","0","0","[B@31cefde0"
"197","7f071235805fbf58a2524f77bff76e1391d0d1cfe2f4c190d73054495e05b460","a.png","0","0","[B@439f5b3d"
"198","7f071235805fbf58a2524f77bff76e1391d0d1cfe2f4c190d73054495e05b460","a.png","0","0","[B@1d56ce6a"
"199","7f071235805fbf58a2524f77bff76e1391d0d1cfe2f4c190d73054495e05b460","a.png","0","0","[B@5197848c"
"200","7f071235805fbf58a2524f77bff76e1391d0d1cfe2f4c190d73054495e05b460","a.png","0","0","[B@17f052a3"
"201","7f071235805fbf58a2524f77bff76e1391d0d1cfe2f4c190d73054495e05b460","a.png","0","0","[B@2e0fa5d3"
"202","7f071235805fbf58a2524f77bff76e1391d0d1cfe2f4c190d73054495e05b460","a.png","0","0","[B@5010be6"
"203","7f071235805fbf58a2524f77bff76e1391d0d1cfe2f4c190d73054495e05b460","a.png","0","0","[B@685f4c2e"
"204","7f071235805fbf58a2524f77bff76e1391d0d1cfe2f4c190d73054495e05b460","a.png","0","0","[B@7daf6ecc"
"205","7f071235805fbf58a2524f77bff76e1391d0d1cfe2f4c190d73054495e05b460","a.png","0","0","[B@2e5d6d97"
"206","7f071235805fbf58a2524f77bff76e1391d0d1cfe2f4c190d73054495e05b460","a.png","0","0","[B@238e0d81"
"207","7f071235805fbf58a2524f77bff76e1391d0d1cfe2f4c190d73054495e05b460","a.png","0","0","[B@31221be2"
"208","7f071235805fbf58a2524f77bff76e1391d0d1cfe2f4c190d73054495e05b460","a.png","0","0","[B@377dca04"
"209","7f071235805fbf58a2524f77bff76e1391d0d1cfe2f4c190d73054495e05b460","a.png","0","0","[B@728938a9"
"210","7f071235805fbf58a2524f77bff76e1391d0d1cfe2f4c190d73054495e05b460","a.png","0","0","[B@21b8d17c"
"211","7f071235805fbf58a2524f77bff76e1391d0d1cfe2f4c190d73054495e05b460","a.png","0","0","[B@6433a2"
"212","7f071235805fbf58a2524f77bff76e1391d0d1cfe2f4c190d73054495e05b460","a.png","0","0","[B@5910e440"
"213","7f071235805fbf58a2524f77bff76e1391d0d1cfe2f4c190d73054495e05b460","a.png","0","0","[B@6267c3bb"
"214","7f071235805fbf58a2524f77bff76e1391d0d1cfe2f4c190d73054495e05b460","a.png","0","0","[B@533ddba"
"215","7f071235805fbf58a2524f77bff76e1391d0d1cfe2f4c190d73054495e05b460","a.png","0","0","[B@246b179d"
"216","7f071235805fbf58a2524f77bff76e1391d0d1cfe2f4c190d73054495e05b460","a.png","0","0","[B@7a07c5b4"
"217","7f071235805fbf58a2524f77bff76e1391d0d1cfe2f4c190d73054495e05b460","a.png","0","0","[B@26a1ab54"
"218","7f071235805fbf58a2524f77bff76e1391d0d1cfe2f4c190d73054495e05b460","a.png","0","0","[B@3d646c37"
"219","7f071235805fbf58a2524f77bff76e1391d0d1cfe2f4c190d73054495e05b460","a.png","0","0","[B@41cf53f9"
"220","7f071235805fbf58a2524f77bff76e1391d0d1cfe2f4c190d73054495e05b460","a.png","0","0","[B@5a10411"
"221","7f071235805fbf58a2524f77bff76e1391d0d1cfe2f4c190d73054495e05b460","a.png","0","0","[B@2ef1e4fa"
"222","7f071235805fbf58a2524f77bff76e1391d0d1cfe2f4c190d73054495e05b460","a.png","0","0","[B@306a30c7"
"223","7f071235805fbf58a2524f77bff76e1391d0d1cfe2f4c190d73054495e05b460","a.png","0","0","[B@b81eda8"
"224","7f071235805fbf58a2524f77bff76e1391d0d1cfe2f4c190d73054495e05b460","a.png","0","0","[B@68de145"
"225","7f071235805fbf58a2524f77bff76e1391d0d1cfe2f4c190d73054495e05b460","a.png","0","0","[B@27fa135a"
"226","7f071235805fbf58a2524f77bff76e1391d0d1cfe2f4c190d73054495e05b460","a.png","0","0","[B@46f7f36a"
"227","7f071235805fbf58a2524f77bff76e1391d0d1cfe2f4c190d73054495e05b460","a.png","0","0","[B@421faab1"
"228","7f071235805fbf58a2524f77bff76e1391d0d1cfe2f4c190d73054495e05b460","a.png","0","0","[B@2b71fc7e"
"229","7f071235805fbf58a2524f77bff76e1391d0d1cfe2f4c190d73054495e05b460","a.png","0","0","[B@5ce65a89"
"230","7f071235805fbf58a2524f77bff76e1391d0d1cfe2f4c190d73054495e05b460","a.png","0","0","[B@25f38edc"
"231","7f071235805fbf58a2524f77bff76e1391d0d1cfe2f4c190d73054495e05b460","a.png","0","0","[B@1a86f2f1"
"232","7f071235805fbf58a2524f77bff76e1391d0d1cfe2f4c190d73054495e05b460","a.png","0","0","[B@3eb07fd3"
"233","7f071235805fbf58a2524f77bff76e1391d0d1cfe2f4c190d73054495e05b460","a.png","0","0","[B@506c589e"
"234","7f071235805fbf58a2524f77bff76e1391d0d1cfe2f4c190d73054495e05b460","a.png","0","0","[B@69d0a921"
"235","7f071235805fbf58a2524f77bff76e1391d0d1cfe2f4c190d73054495e05b460","a.png","0","0","[B@446cdf90"
"236","7f071235805fbf58a2524f77bff76e1391d0d1cfe2f4c190d73054495e05b460","a.png","0","0","[B@799f7e29"
"237","7f071235805fbf58a2524f77bff76e1391d0d1cfe2f4c190d73054495e05b460","a.png","0","0","[B@4b85612c"
"238","7f071235805fbf58a2524f77bff76e1391d0d1cfe2f4c190d73054495e05b460","a.png","0","0","[B@277050dc"
"239","7f071235805fbf58a2524f77bff76e1391d0d1cfe2f4c190d73054495e05b460","a.png","0","0","[B@5c29bfd"
"240","7f071235805fbf58a2524f77bff76e1391d0d1cfe2f4c190d73054495e05b460","a.png","0","0","[B@7aec35a"
"241","7f071235805fbf58a2524f77bff76e1391d0d1cfe2f4c190d73054495e05b460","a.png","0","0","[B@67424e82"
"242","7f071235805fbf58a2524f77bff76e1391d0d1cfe2f4c190d73054495e05b460","a.png","0","0","[B@42110406"
"243","7f071235805fbf58a2524f77bff76e1391d0d1cfe2f4c190d73054495e05b460","a.png","0","0","[B@531d72ca"
"244","7f071235805fbf58a2524f77bff76e1391d0d1cfe2f4c190d73054495e05b460","a.png","0","0","[B@22d8cfe0"
"245","7f071235805fbf58a2524f77bff76e1391d0d1cfe2f4c190d73054495e05b460","a.png","0","0","[B@579bb367"
"246","7f071235805fbf58a2524f77bff76e1391d0d1cfe2f4c190d73054495e05b460","a.png","0","0","[B@1de0aca6"
"247","7f071235805fbf58a2524f77bff76e1391d0d1cfe2f4c190d73054495e05b460","a.png","0","0","[B@255316f2"
"248","7f071235805fbf58a2524f77bff76e1391d0d1cfe2f4c190d73054495e05b460","a.png","0","0","[B@41906a77"
"249","7f071235805fbf58a2524f77bff76e1391d0d1cfe2f4c190d73054495e05b460","a.png","0","0","[B@4b9af9a9"
"250","7f071235805fbf58a2524f77bff76e1391d0d1cfe2f4c190d73054495e05b460","a.png","0","0","[B@5387f9e0"
"251","7f071235805fbf58a2524f77bff76e1391d0d1cfe2f4c190d73054495e05b460","a.png","0","0","[B@6e5e91e4"
"252","7f071235805fbf58a2524f77bff76e1391d0d1cfe2f4c190d73054495e05b460","a.png","0","0","[B@2cdf8d8a"
"253","7f071235805fbf58a2524f77bff76e1391d0d1cfe2f4c190d73054495e05b460","a.png","0","0","[B@30946e09"
